{
    "intrinsic_matrix": [
        [
            2815.658687785661,
            0.0,
            2703.8946211235298
        ],
        [
            0.0,
            2817.3898203613485,
            1254.4486508115435
        ],
        [
            0.0,
            0.0,
            1.0
        ]
    ],
    "distortion_coefficients": [
        [
            0.1615621636694793,
            -0.5036888724496533,
            0.00026039274443448397,
            -1.7888337549418157e-05,
            -0.11596455165110145
        ]
    ]
}